form	lemma	xpostag	freq	corpus_size	lemma_freq	lfpm10	llfpm10	form_length	form_syl_count	lemma_length	lemma_syl_count	hunspell	freqQ	suffix
bűvészkedek	bűvészkedik	[/V][Prs.NDef.1Sg]	49	8570080167	3597	-1.2427888044294442	0.6229555533605533	11	4	11	4	TRUE	7	Vdik
szervezkedek	szervezkedik	[/V][Prs.NDef.1Sg]	91	8570080167	10558	-0.9739434921368644	1.090596773206982	12	4	12	4	TRUE	8	Vdik
akadékoskodok	akadékoskodik	[/V][Prs.NDef.1Sg]	102	8570080167	3726	-0.9243847126960404	0.6382579661022659	13	6	13	6	TRUE	8	Vdik
ügyeskedek	ügyeskedik	[/V][Prs.NDef.1Sg]	105	8570080167	11033	-0.9117955853880196	1.1097087337206852	10	4	10	4	TRUE	8	Vdik
bizonyosodok	bizonyosodik	[/V][Prs.NDef.1Sg]	39	8570080167	29527	-1.3419202774314587	1.5372344395937714	12	5	12	5	TRUE	7	Vdik
egyezkedek	egyezkedik	[/V][Prs.NDef.1Sg]	60	8570080167	9405	-1.1548336340743142	1.0403739154284397	10	4	10	4	TRUE	7	Vdik
idősödök	idősödik	[/V][Prs.NDef.1Sg]	41	8570080167	4870	-1.3202010277382223	0.7545440767566765	8	4	8	4	TRUE	7	Vdik
poénkodok	poénkodik	[/V][Prs.NDef.1Sg]	149	8570080167	7916	-0.7597986160456838	0.9655209010764008	9	4	9	4	TRUE	9	Vdik
öltözködök	öltözködik	[/V][Prs.NDef.1Sg]	148	8570080167	29838	-0.7627231690630004	1.5417848251579107	10	4	10	4	TRUE	9	Vdik
ismerkedek	ismerkedik	[/V][Prs.NDef.1Sg]	3586	8570080167	344220	0.6216254007682062	2.6038512158081266	10	4	10	4	TRUE	10	Vdik
késlekedek	késlekedik	[/V][Prs.NDef.1Sg]	65	8570080167	18894	-1.1200715278151023	1.3433390265622298	10	4	10	4	TRUE	8	Vdik
színészkedek	színészkedik	[/V][Prs.NDef.1Sg]	58	8570080167	7379	-1.169556890895021	0.9350126258869934	12	4	12	4	TRUE	7	Vdik
mosolyodok	mosolyodik	[/V][Prs.NDef.1Sg]	204	8570080167	11411	-0.623354717032059	1.1243388209113263	10	4	10	4	TRUE	9	Vdik
ügyködök	ügyködik	[/V][Prs.NDef.1Sg]	210	8570080167	11226	-0.6107655897240386	1.1172401534256955	8	3	8	3	TRUE	9	Vdik
küszködök	küszködik	[/V][Prs.NDef.1Sg]	2497	8570080167	65981	0.46443365789339	1.8864340089155205	9	3	9	3	TRUE	10	Vdik
alacsonyodok	alacsonyodik	[/V][Prs.NDef.1Sg]	52	8570080167	1870	-1.2169815408231586	0.3388567220785411	12	5	12	5	TRUE	7	Vdik
szedelőzködök	szedelőzködik	[/V][Prs.NDef.1Sg]	38	8570080167	1934	-1.3532012878411477	0.35347158528902506	13	5	13	5	TRUE	7	Vdik
nedvesedek	nedvesedik	[/V][Prs.NDef.1Sg]	105	8570080167	3755	-0.9117955853880196	0.6416250568822294	10	4	10	4	TRUE	8	Vdik
rugaszkodok	rugaszkodik	[/V][Prs.NDef.1Sg]	36	8570080167	7279	-1.3766823836906703	0.9290868349220364	11	4	11	4	TRUE	7	Vdik
vörösödök	vörösödik	[/V][Prs.NDef.1Sg]	38	8570080167	2652	-1.3532012878411477	0.4905886352747777	9	4	9	4	TRUE	7	Vdik
kapaszkodok	kapaszkodik	[/V][Prs.NDef.1Sg]	947	8570080167	113682	0.0433650945453156	2.1227068210431166	11	4	11	4	TRUE	10	Vdik
állapodok	állapodik	[/V][Prs.NDef.1Sg]	48	8570080167	73318	-1.2517436470823706	1.932225725121766	9	4	9	4	TRUE	7	Vdik
bámészkodok	bámészkodik	[/V][Prs.NDef.1Sg]	110	8570080167	6070	-0.8915921992997328	0.8502038066172998	11	4	11	4	TRUE	8	Vdik
rakodok	rakodik	[/V][Prs.NDef.1Sg]	71	8570080167	7911	-1.0817265357388826	0.965246500055139	7	3	7	3	TRUE	8	Vdik
erősködök	erősködik	[/V][Prs.NDef.1Sg]	56	8570080167	7991	-1.1847968574517571	0.9696162462085736	9	4	9	4	TRUE	7	Vdik
iparkodok	iparkodik	[/V][Prs.NDef.1Sg]	99	8570080167	13706	-0.937349689860408	1.203925843023418	9	4	9	4	TRUE	8	Vdik
fohászkodok	fohászkodik	[/V][Prs.NDef.1Sg]	98	8570080167	16804	-0.9417588087654628	1.2924277884079964	11	4	11	4	TRUE	8	Vdik
vetemedek	vetemedik	[/V][Prs.NDef.1Sg]	271	8570080167	15187	-0.5000155935835521	1.248487108488349	9	4	9	4	TRUE	9	Vdik
távolodok	távolodik	[/V][Prs.NDef.1Sg]	345	8570080167	45390	-0.3951657893846837	1.7239752982848913	9	4	9	4	TRUE	9	Vdik
bűzlök	bűzlik	[/V][Prs.NDef.1Sg]	128	8570080167	12877	-0.8257749148100895	1.1768298112364417	6	2	6	2	TRUE	8	lik
fuldoklok	fuldoklik	[/V][Prs.NDef.1Sg]	156	8570080167	7240	-0.7398602861034962	0.926753681739189	9	3	9	3	TRUE	9	lik
szaglok	szaglik	[/V][Prs.NDef.1Sg]	36	8570080167	1207	-1.3766823836906703	0.1487223856393914	7	2	7	2	TRUE	7	lik
múlok	múlik	[/V][Prs.NDef.1Sg]	149	8570080167	558108	-0.7597986160456838	2.8137333633426196	5	2	5	2	TRUE	9	lik
csuklok	csuklik	[/V][Prs.NDef.1Sg]	107	8570080167	6520	-0.9036011067727482	0.8812627112739624	7	2	7	2	TRUE	8	lik
lehajlok	lehajlik	[/V][Prs.NDef.1Sg]	112	8570080167	1587	-0.8837668617877762	0.2675920422968904	8	3	8	3	TRUE	8	lik
bomlok	bomlik	[/V][Prs.NDef.1Sg]	62	8570080167	48249	-1.140593194959704	1.7505034322066737	6	2	6	2	TRUE	8	lik
omlok	omlik	[/V][Prs.NDef.1Sg]	222	8570080167	44757	-0.5866319100073193	1.717876084213592	5	2	5	2	TRUE	9	lik
vonaglok	vonaglik	[/V][Prs.NDef.1Sg]	77	8570080167	6602	-1.046494159285476	0.8866906355363349	8	3	8	3	TRUE	8	lik
döglök	döglik	[/V][Prs.NDef.1Sg]	654	8570080167	21538	-0.11740713613369054	1.4002204881673863	6	2	6	2	TRUE	10	lik
csetlek	csetlik	[/V][Prs.NDef.1Sg]	45	8570080167	386	-1.279772370682614	-0.3463975797862029	7	2	7	2	TRUE	7	lik
haldoklok	haldoklik	[/V][Prs.NDef.1Sg]	102	8570080167	21831	-0.9243847126960404	1.4060887451831563	9	3	9	3	TRUE	8	lik
nyílok	nyílik	[/V][Prs.NDef.1Sg]	608	8570080167	769981	-0.14908130518522292	2.953495124224961	6	2	6	2	TRUE	10	lik
rejlek	rejlik	[/V][Prs.NDef.1Sg]	39	8570080167	197559	-1.3419202774314587	2.3627119347344228	6	2	6	2	TRUE	7	lik
válok	válik	[/V][Prs.NDef.1Sg]	9863	8570080167	4028540	1.0610241486656553	3.672162795720951	5	2	5	2	TRUE	10	lik
botlok	botlik	[/V][Prs.NDef.1Sg]	1692	8570080167	41912	0.29541547424504694	1.689353500981932	6	2	6	2	TRUE	10	lik
hajlok	hajlik	[/V][Prs.NDef.1Sg]	7684	8570080167	62306	0.9526024717316982	1.8615449863010691	6	2	6	2	TRUE	10	lik
meghajlok	meghajlik	[/V][Prs.NDef.1Sg]	1244	8570080167	7178	0.16183549589684204	0.9230185695392632	9	3	9	3	TRUE	10	lik
tündöklök	tündöklik	[/V][Prs.NDef.1Sg]	38	8570080167	3078	-1.3532012878411477	0.5552837310375021	9	3	9	3	TRUE	7	lik
hasonlok	hasonlik	[/V][Prs.NDef.1Sg]	1713	8570080167	2084	0.3007724785075527	0.385912830169529	8	3	8	3	TRUE	10	lik
áramlok	áramlik	[/V][Prs.NDef.1Sg]	80	8570080167	85538	-1.0298948974660145	1.9991742071593723	7	3	7	3	TRUE	8	lik
kotlok	kotlik	[/V][Prs.NDef.1Sg]	89	8570080167	3286	-0.983594877813045	0.583682674641085	6	2	6	2	TRUE	8	lik
elhajlok	elhajlik	[/V][Prs.NDef.1Sg]	46	8570080167	5678	-1.2702270527763837	0.8212105037318805	8	3	8	3	TRUE	7	lik
siklok	siklik	[/V][Prs.NDef.1Sg]	277	8570080167	27173	-0.4905051153935094	1.5011527043287765	6	2	6	2	TRUE	9	lik
hanyatlok	hanyatlik	[/V][Prs.NDef.1Sg]	47	8570080167	15385	-1.2608870265222405	1.2541126161255194	9	3	9	3	TRUE	7	lik
zajlok	zajlik	[/V][Prs.NDef.1Sg]	45	8570080167	746813	-1.279772370682614	2.940226984780418	6	2	6	2	TRUE	7	lik
romlok	romlik	[/V][Prs.NDef.1Sg]	43	8570080167	195968	-1.2995164288783714	2.3592002758881714	6	2	6	2	TRUE	7	lik
vedlek	vedlik	[/V][Prs.NDef.1Sg]	59	8570080167	5893	-1.1621328728158136	0.8373515566371913	6	2	6	2	TRUE	7	lik
fénylek	fénylik	[/V][Prs.NDef.1Sg]	94	8570080167	21630	-0.9598570308582592	1.4020716349811335	7	2	7	2	TRUE	8	lik
bujdosok	bujdosik	[/V][Prs.NDef.1Sg]	49	8570080167	4942	-1.2427888044294442	0.7609178566081027	8	3	8	3	TRUE	7	stem
csapódok	csapódik	[/V][Prs.NDef.1Sg]	141	8570080167	59286	-0.783765771802578	1.8399672652202896	8	3	8	3	TRUE	9	stem
vizsgálódok	vizsgálódik	[/V][Prs.NDef.1Sg]	44	8570080167	22746	-1.2895322079717704	1.4239201503521204	11	4	11	4	TRUE	7	stem
telítődök	telítődik	[/V][Prs.NDef.1Sg]	65	8570080167	13702	-1.1200715278151023	1.2037990787254067	9	4	9	4	TRUE	8	stem
szemlélődök	szemlélődik	[/V][Prs.NDef.1Sg]	301	8570080167	7906	-0.4544183888641145	0.964971925548994	11	4	11	4	TRUE	9	stem
tudódok	tudódik	[/V][Prs.NDef.1Sg]	38	8570080167	1403	-1.3532012878411477	0.21407278657040207	7	3	7	3	TRUE	7	stem
csalódok	csalódik	[/V][Prs.NDef.1Sg]	1342	8570080167	170163	0.19476763137501543	2.2978802491830748	8	3	8	3	TRUE	10	stem
aggódok	aggódik	[/V][Prs.NDef.1Sg]	4074	8570080167	341034	0.6770361402061875	2.599812794465033	7	3	7	3	TRUE	10	stem
morgolódok	morgolódik	[/V][Prs.NDef.1Sg]	209	8570080167	4429	-0.6128385983469038	0.7133207958268009	10	4	10	4	TRUE	9	stem
szitkozódok	szitkozódik	[/V][Prs.NDef.1Sg]	84	8570080167	6590	-1.0087055983960762	0.885900530136052	11	4	11	4	TRUE	8	stem
ocsúdok	ocsúdik	[/V][Prs.NDef.1Sg]	116	8570080167	4854	-0.8685268952310394	0.7531148875379581	7	3	7	3	TRUE	8	stem
töltődök	töltődik	[/V][Prs.NDef.1Sg]	119	8570080167	39903	-0.8574379230654271	1.6680206637217123	8	3	8	3	TRUE	8	stem
vesződök	vesződik	[/V][Prs.NDef.1Sg]	112	8570080167	11312	-0.8837668617877762	1.1205545119948663	8	3	8	3	TRUE	8	stem
zötykölődök	zötykölődik	[/V][Prs.NDef.1Sg]	59	8570080167	3556	-1.1621328728158136	0.6179768678402182	11	4	11	4	TRUE	7	stem
érdeklődök	érdeklődik	[/V][Prs.NDef.1Sg]	7584	8570080167	362506	0.946913439872052	2.6263303147120247	10	4	10	4	TRUE	10	stem
vívódok	vívódik	[/V][Prs.NDef.1Sg]	189	8570080167	5972	-0.6565230802847137	0.84313491459503	7	3	7	3	TRUE	9	stem
viccelődök	viccelődik	[/V][Prs.NDef.1Sg]	223	8570080167	25234	-0.5846800214097971	1.469001214265516	10	4	10	4	TRUE	9	stem
mosdok	mosdik	[/V][Prs.NDef.1Sg]	122	8570080167	3663	-0.8466250537832096	0.6308520342065871	6	2	6	2	TRUE	8	stem
orientálódok	orientálódik	[/V][Prs.NDef.1Sg]	45	8570080167	6365	-1.279772370682614	0.8708135235317164	12	6	12	6	TRUE	7	stem
tojok	tojik	[/V][Prs.NDef.1Sg]	1075	8570080167	20901	0.09842357979366628	1.387182180796274	5	2	5	2	TRUE	10	stem
születek	születik	[/V][Prs.NDef.1Sg]	1200	8570080167	1768256	0.146196361589667	3.3145602559357017	8	3	8	3	TRUE	10	stem
húzódok	húzódik	[/V][Prs.NDef.1Sg]	406	8570080167	188010	-0.3244588508807637	2.3411960649616756	7	3	7	3	TRUE	10	stem
bújok	bújik	[/V][Prs.NDef.1Sg]	2792	8570080167	143158	0.5129305294931656	2.2228307379574725	5	2	5	2	TRUE	10	stem
törődök	törődik	[/V][Prs.NDef.1Sg]	1448	8570080167	206232	0.22778367740317024	2.3813711690461252	7	3	7	3	TRUE	10	stem
készülődök	készülődik	[/V][Prs.NDef.1Sg]	584	8570080167	53599	-0.16657203734555837	1.7961718026502371	10	4	10	4	TRUE	10	stem
bonyolódok	bonyolódik	[/V][Prs.NDef.1Sg]	161	8570080167	34776	-0.7261590084261081	1.6082947427248229	10	4	10	4	TRUE	9	stem
hangolódok	hangolódik	[/V][Prs.NDef.1Sg]	174	8570080167	27076	-0.6924356361753581	1.499599620967263	10	4	10	4	TRUE	9	stem
vágódok	vágódik	[/V][Prs.NDef.1Sg]	93	8570080167	11694	-0.9645019359040228	1.1349782050433073	7	3	7	3	TRUE	8	stem
fejlődök	fejlődik	[/V][Prs.NDef.1Sg]	2319	8570080167	554541	0.4323158641800295	2.810948776785554	8	3	8	3	TRUE	10	stem
rohangászok	rohangászik	[/V][Prs.NDef.1Sg]	105	8570080167	3976	-0.9117955853880196	0.6664614912673178	11	4	11	4	TRUE	8	szik
tenyészek	tenyészik	[/V][Prs.NDef.1Sg]	62	8570080167	8988	-1.140593194959704	1.0206781792891335	9	3	9	3	TRUE	8	szik
csúszok	csúszik	[/V][Prs.NDef.1Sg]	1288	8570080167	191096	0.17693097856583548	2.3482667120888987	7	2	7	2	TRUE	10	szik
igyekszek	igyekszik	[/V][Prs.NDef.1Sg]	4306	8570080167	1372052	0.7010891410295106	3.2043856867415696	9	3	9	3	TRUE	10	szik
bogarászok	bogarászik	[/V][Prs.NDef.1Sg]	178	8570080167	7314	-0.6825648821490639	0.9311700715440676	10	4	10	4	TRUE	9	szik
haragszok	haragszik	[/V][Prs.NDef.1Sg]	812	8570080167	129179	-0.02342885521678251	2.178207033803339	9	3	9	3	TRUE	10	szik
cselekszek	cselekszik	[/V][Prs.NDef.1Sg]	301	8570080167	280658	-0.4544183888641145	2.5151925415965306	10	3	10	3	TRUE	9	szik
toszok	toszik	[/V][Prs.NDef.1Sg]	98	8570080167	1131	-0.9417588087654628	0.1204777204674975	6	2	6	2	TRUE	8	szik
alszok	alszik	[/V][Prs.NDef.1Sg]	4196	8570080167	668614	0.6898505950635624	2.8921905815154494	6	2	6	2	TRUE	10	szik
aszok	aszik	[/V][Prs.NDef.1Sg]	147	8570080167	5633	-0.7656675497097818	0.817754866777393	5	2	5	2	TRUE	9	szik
nyugszok	nyugszik	[/V][Prs.NDef.1Sg]	120	8570080167	200200	-0.853803638410333	2.368479188685342	8	2	8	2	TRUE	8	szik
pakolászok	pakolászik	[/V][Prs.NDef.1Sg]	227	8570080167	4806	-0.5769590272648352	0.7487988820099235	10	4	10	4	TRUE	9	szik
dicsekszek	dicsekszik	[/V][Prs.NDef.1Sg]	41	8570080167	46395	-1.3202010277382223	1.7334862946009024	10	3	10	3	TRUE	7	szik
fekszek	fekszik	[/V][Prs.NDef.1Sg]	1941	8570080167	604506	0.35504065093040504	2.8484157313326453	7	2	7	2	TRUE	10	szik
úszok	úszik	[/V][Prs.NDef.1Sg]	2060	8570080167	228752	0.3808823359111956	2.426380015374153	5	2	5	2	TRUE	10	szik
telepedek	telepszik	[/V][Prs.NDef.1Sg]	430	8570080167	93057	-0.2995164288783713	2.0357641630467604	9	4	9	3	TRUE	10	szik
tornászok	tornászik	[/V][Prs.NDef.1Sg]	125	8570080167	6772	-0.8360748714499014	0.8977320649789398	9	3	9	3	TRUE	8	szik
heverészek	heverészik	[/V][Prs.NDef.1Sg]	233	8570080167	9293	-0.5656289634319388	1.0351710526920126	10	4	10	4	TRUE	9	szik
dudorászok	dudorászik	[/V][Prs.NDef.1Sg]	54	8570080167	3096	-1.2005911246349894	0.5578160675528971	10	4	10	4	TRUE	7	szik
futkorászok	futkorászik	[/V][Prs.NDef.1Sg]	58	8570080167	1585	-1.169556890895021	0.26704438209581244	11	4	11	4	TRUE	7	szik
kúszok	kúszik	[/V][Prs.NDef.1Sg]	225	8570080167	40879	-0.5808023663465953	1.6785153788968343	6	2	6	2	TRUE	9	szik
növekedek	növekszik	[/V][Prs.NDef.1Sg]	51	8570080167	520866	-1.2254147083600215	2.78374112493422	9	4	9	3	TRUE	7	szik
hadonászok	hadonászik	[/V][Prs.NDef.1Sg]	161	8570080167	10296	-0.7261590084261081	1.0796836494383724	10	4	10	4	TRUE	9	szik
kotorászok	kotorászik	[/V][Prs.NDef.1Sg]	228	8570080167	6224	-0.575050037457504	0.8610846995236747	10	4	10	4	TRUE	9	szik
öregszek	öregszik	[/V][Prs.NDef.1Sg]	82	8570080167	32240	-1.019171032074241	1.575410148675095	8	3	8	3	TRUE	8	szik
gyanakszok	gyanakszik	[/V][Prs.NDef.1Sg]	226	8570080167	68227	-0.5788764453105569	1.900971390939056	10	3	10	3	TRUE	9	szik
bóklászok	bóklászik	[/V][Prs.NDef.1Sg]	207	8570080167	13080	-0.6170145390010401	1.183622859530291	9	3	9	3	TRUE	9	szik
baszok	baszik	[/V][Prs.NDef.1Sg]	531	8570080167	37569	-0.2078903633764888	1.6418447508433345	6	2	6	2	TRUE	10	szik
törekszek	törekszik	[/V][Prs.NDef.1Sg]	328	8570080167	642126	-0.4171110407462787	2.8746353706133787	9	3	9	3	TRUE	9	szik
vitorlázok	vitorlázik	[/V][Prs.NDef.1Sg]	423	8570080167	19586	-0.30664451708291546	1.3589608657121075	10	4	10	4	TRUE	10	zik
utazok	utazik	[/V][Prs.NDef.1Sg]	6397	8570080167	732800	0.8729914662596048	2.932000576201836	6	3	6	3	TRUE	10	zik
hagyatkozok	hagyatkozik	[/V][Prs.NDef.1Sg]	221	8570080167	65502	-0.5885926107728471	1.8832696762315837	11	4	11	4	TRUE	9	zik
étkezek	étkezik	[/V][Prs.NDef.1Sg]	270	8570080167	56160	-0.5016211202989705	1.816442214663791	7	3	7	3	TRUE	9	zik
taktikázok	taktikázik	[/V][Prs.NDef.1Sg]	54	8570080167	10243	-1.2005911246349894	1.0774422882590915	10	4	10	4	TRUE	7	zik
furikázok	furikázik	[/V][Prs.NDef.1Sg]	58	8570080167	5701	-1.169556890895021	0.8229661565461741	9	4	9	4	TRUE	7	zik
hahotázok	hahotázik	[/V][Prs.NDef.1Sg]	60	8570080167	3528	-1.1548336340743142	0.6145436920018242	9	4	9	4	TRUE	7	zik
mozizok	mozizik	[/V][Prs.NDef.1Sg]	133	8570080167	2159	-0.809133243490872	0.401267757876273	7	3	7	3	TRUE	8	zik
hugyozok	hugyozik	[/V][Prs.NDef.1Sg]	155	8570080167	3653	-0.7426531862876663	0.6296647877539588	8	3	8	3	TRUE	9	zik
irtózok	irtózik	[/V][Prs.NDef.1Sg]	242	8570080167	15667	-0.5491695184775266	1.262000958967923	7	3	7	3	TRUE	9	zik
zárkózok	zárkózik	[/V][Prs.NDef.1Sg]	187	8570080167	34767	-0.6611432779214589	1.6081823331261873	8	3	8	3	TRUE	9	zik
tornázok	tornázik	[/V][Prs.NDef.1Sg]	780	8570080167	32996	-0.04089028176747745	1.58547641047388	8	3	8	3	TRUE	10	zik
vágyakozok	vágyakozik	[/V][Prs.NDef.1Sg]	141	8570080167	33026	-0.783765771802578	1.5858710921058756	10	4	10	4	TRUE	9	zik
bénázok	bénázik	[/V][Prs.NDef.1Sg]	905	8570080167	8505	0.02366369474724546	0.99668943349063	7	3	7	3	TRUE	10	zik
különbözök	különbözik	[/V][Prs.NDef.1Sg]	404	8570080167	364143	-0.3266035193473528	2.628287081375396	10	4	10	4	TRUE	10	zik
hízok	hízik	[/V][Prs.NDef.1Sg]	1529	8570080167	63813	0.2514226009543623	1.8719242778547551	5	2	5	2	TRUE	10	zik
pihizek	pihizik	[/V][Prs.NDef.1Sg]	146	8570080167	994	-0.7686320286735208	0.06440149993935544	7	3	7	3	TRUE	9	zik
csatlakozok	csatlakozik	[/V][Prs.NDef.1Sg]	1779	8570080167	869608	0.3171910636259673	3.0063386419513223	11	4	11	4	TRUE	10	zik
malmozok	malmozik	[/V][Prs.NDef.1Sg]	41	8570080167	969	-1.3202010277382223	0.05333889259280745	8	3	8	3	TRUE	7	zik
hazudozok	hazudozik	[/V][Prs.NDef.1Sg]	225	8570080167	13233	-0.5808023663465953	1.188673428040112	9	4	9	4	TRUE	9	zik
koncertezek	koncertezik	[/V][Prs.NDef.1Sg]	152	8570080167	42382	-0.7511412965131853	1.6941965626895692	11	4	11	4	TRUE	9	zik
jógázok	jógázik	[/V][Prs.NDef.1Sg]	319	8570080167	7512	-0.4291942014007767	0.9427706948000968	7	3	7	3	TRUE	9	zik
teázok	teázik	[/V][Prs.NDef.1Sg]	112	8570080167	7811	-0.8837668617877762	0.9597217533477076	6	3	6	3	TRUE	8	zik
lúdbőrzök	lúdbőrzik	[/V][Prs.NDef.1Sg]	34	8570080167	416	-1.4015059674157029	-0.3138915538312151	9	3	9	3	TRUE	7	zik
visszakozok	visszakozik	[/V][Prs.NDef.1Sg]	50	8570080167	8527	-1.234014880121939	0.9978113785253424	11	4	11	4	TRUE	7	zik
adakozok	adakozik	[/V][Prs.NDef.1Sg]	180	8570080167	17936	-0.6777123793546518	1.32074071079294	8	4	8	4	TRUE	9	zik
építkezek	építkezik	[/V][Prs.NDef.1Sg]	612	8570080167	78659	-0.14623346231239667	1.9627635364202132	9	4	9	4	TRUE	10	zik
hüledezek	hüledezik	[/V][Prs.NDef.1Sg]	147	8570080167	4646	-0.7656675497097818	0.7340943210062588	9	4	9	4	TRUE	9	zik
dumcsizok	dumcsizik	[/V][Prs.NDef.1Sg]	38	8570080167	2150	-1.3532012878411477	0.3994535754576475	9	3	9	3	TRUE	7	zik
