lemma	lemma_freq	corpus_size	llfpm10	lemma_syl_count	suffix	k	m	p_k	lo_k_m
bűvészkedik	3597	8570080167	0.6229555533605533	4	Vdik	9	2	0.8181818181818182	1.2039728043259361
akadékoskodik	3726	8570080167	0.6382579661022659	6	Vdik	6	17	0.2608695652173913	-0.9444616088408514
ügyeskedik	11033	8570080167	1.1097087337206852	4	Vdik	6	23	0.20689655172413793	-1.2321436812926323
bizonyosodik	29527	8570080167	1.5372344395937714	5	Vdik	0	5	0	-1.791759469228055
egyezkedik	9405	8570080167	1.0403739154284397	4	Vdik	3	13	0.1875	-1.252762968495368
idősödik	4870	8570080167	0.7545440767566765	4	Vdik	2	13	0.13333333333333333	-1.540445040947149
poénkodik	7916	8570080167	0.9655209010764008	4	Vdik	11	10	0.5238095238095238	0.0870113769896297
öltözködik	29838	8570080167	1.5417848251579107	4	Vdik	4	59	0.06349206349206349	-2.4849066497880004
ismerkedik	344220	8570080167	2.6038512158081266	4	Vdik	95	232	0.290519877675841	-0.8866902620978643
színészkedik	7379	8570080167	0.9350126258869934	4	Vdik	8	20	0.2857142857142857	-0.8472978603872037
mosolyodik	11411	8570080167	1.1243388209113263	4	Vdik	5	16	0.23809523809523808	-1.041453874828161
ügyködik	11226	8570080167	1.1172401534256955	3	Vdik	13	17	0.43333333333333335	-0.25131442828090605
küszködik	65981	8570080167	1.8864340089155205	3	Vdik	82	194	0.2971014492753623	-0.8541589507671489
alacsonyodik	1870	8570080167	0.3388567220785411	5	Vdik	3	9	0.25	-0.916290731874155
szedelőzködik	1934	8570080167	0.35347158528902506	5	Vdik	5	10	0.3333333333333333	-0.6061358035703156
nedvesedik	3755	8570080167	0.6416250568822294	4	Vdik	2	1	0.6666666666666666	0.4054651081081644
rugaszkodik	7279	8570080167	0.9290868349220364	4	Vdik	3	14	0.17647058823529413	-1.3217558399823195
vörösödik	2652	8570080167	0.4905886352747777	4	Vdik	10	4	0.7142857142857143	0.7884573603642703
kapaszkodik	113682	8570080167	2.1227068210431166	4	Vdik	55	265	0.171875	-1.55814461804655
állapodik	73318	8570080167	1.932225725121766	4	Vdik	4	1	0.8	0.9162907318741551
bámészkodik	6070	8570080167	0.8502038066172998	4	Vdik	5	39	0.11363636363636363	-1.8971199848858813
iparkodik	13706	8570080167	1.203925843023418	4	Vdik	8	81	0.0898876404494382	-2.209494669928034
fohászkodik	16804	8570080167	1.2924277884079964	4	Vdik	8	92	0.08	-2.3353749158170367
vetemedik	15187	8570080167	1.248487108488349	4	Vdik	29	38	0.43283582089552236	-0.262364264467491
távolodik	45390	8570080167	1.7239752982848913	4	Vdik	12	93	0.11428571428571428	-1.978345424808467
bűzlik	12877	8570080167	1.1768298112364417	2	lik	14	0	1	2.70805020110221
fuldoklik	7240	8570080167	0.926753681739189	3	lik	27	82	0.24770642201834864	-1.086636097621394
szaglik	1207	8570080167	0.1487223856393914	2	lik	8	3	0.7272727272727273	0.8109302162163288
múlik	558108	8570080167	2.8137333633426196	2	lik	40	4	0.9090909090909091	2.1041341542702074
csuklik	6520	8570080167	0.8812627112739624	2	lik	19	33	0.36538461538461536	-0.5306282510621704
bomlik	48249	8570080167	1.7505034322066737	2	lik	7	0	1	2.0794415416798357
omlik	44757	8570080167	1.717876084213592	2	lik	21	6	0.7777777777777778	1.1451323043030026
vonaglik	6602	8570080167	0.8866906355363349	3	lik	12	0	1	2.5649493574615367
döglik	21538	8570080167	1.4002204881673863	2	lik	98	21	0.8235294117647058	1.5040773967762742
csetlik	386	8570080167	-0.3463975797862029	2	lik	2	1	0.6666666666666666	0.4054651081081644
haldoklik	21831	8570080167	1.4060887451831563	3	lik	13	71	0.15476190476190477	-1.6376087894007967
nyílik	769981	8570080167	2.953495124224961	2	lik	30	1	0.967741935483871	2.740840023925201
válik	4028540	8570080167	3.672162795720951	2	lik	698	3	0.9957203994293866	5.163356381113919
botlik	41912	8570080167	1.689353500981932	2	lik	85	65	0.5666666666666667	0.26469255422708216
hajlik	62306	8570080167	1.8615449863010691	2	lik	767	17	0.9783163265306123	3.7534179752515073
meghajlik	7178	8570080167	0.9230185695392632	3	lik	160	4	0.975609756097561	3.4719664525503626
tündöklik	3078	8570080167	0.5552837310375021	3	lik	1	1	0.5	0
hasonlik	2084	8570080167	0.385912830169529	3	lik	33	1	0.9705882352941176	2.833213344056216
kotlik	3286	8570080167	0.583682674641085	2	lik	15	1	0.9375	2.0794415416798357
elhajlik	5678	8570080167	0.8212105037318805	3	lik	1	0	1	0.6931471805599453
siklik	27173	8570080167	1.5011527043287765	2	lik	16	19	0.45714285714285713	-0.16251892949777494
hanyatlik	15385	8570080167	1.2541126161255194	3	lik	6	7	0.46153846153846156	-0.13353139262452263
zajlik	746813	8570080167	2.940226984780418	2	lik	5	1	0.8333333333333334	1.0986122886681098
romlik	195968	8570080167	2.3592002758881714	2	lik	11	0	1	2.4849066497880004
fénylik	21630	8570080167	1.4020716349811335	2	lik	10	0	1	2.3978952727983707
csapódik	59286	8570080167	1.8399672652202896	3	stem	7	15	0.3181818181818182	-0.6931471805599453
vizsgálódik	22746	8570080167	1.4239201503521204	4	stem	7	14	0.3333333333333333	-0.6286086594223742
telítődik	13702	8570080167	1.2037990787254067	4	stem	1	11	0.08333333333333333	-1.791759469228055
szemlélődik	7906	8570080167	0.964971925548994	4	stem	7	33	0.175	-1.4469189829363254
tudódik	1403	8570080167	0.21407278657040207	3	stem	1	0	1	0.6931471805599453
csalódik	170163	8570080167	2.2978802491830748	3	stem	77	208	0.27017543859649124	-0.9856254252752192
aggódik	341034	8570080167	2.599812794465033	3	stem	196	1592	0.10961968680089486	-2.09017058117206
ocsúdik	4854	8570080167	0.7531148875379581	3	stem	14	7	0.6666666666666666	0.6286086594223741
töltődik	39903	8570080167	1.6680206637217123	3	stem	6	17	0.2608695652173913	-0.9444616088408514
vesződik	11312	8570080167	1.1205545119948663	3	stem	8	28	0.2222222222222222	-1.1700712526502546
zötykölődik	3556	8570080167	0.6179768678402182	4	stem	2	4	0.3333333333333333	-0.5108256237659907
érdeklődik	362506	8570080167	2.6263303147120247	4	stem	479	653	0.42314487632508835	-0.309321247555262
vívódik	5972	8570080167	0.84313491459503	3	stem	17	30	0.3617021276595745	-0.5436154465889815
viccelődik	25234	8570080167	1.469001214265516	4	stem	10	25	0.2857142857142857	-0.8602012652231115
mosdik	3663	8570080167	0.6308520342065871	2	stem	12	17	0.41379310344827586	-0.325422400434628
orientálódik	6365	8570080167	0.8708135235317164	6	stem	1	5	0.16666666666666666	-1.0986122886681098
tojik	20901	8570080167	1.387182180796274	2	stem	104	10	0.9122807017543859	2.256065077359153
születik	1768256	8570080167	3.3145602559357017	3	stem	122	23	0.8413793103448276	1.634130525024472
húzódik	188010	8570080167	2.3411960649616756	3	stem	39	123	0.24074074074074073	-1.1314021114911006
törődik	206232	8570080167	2.3813711690461252	3	stem	121	509	0.19206349206349208	-1.4303896809851149
készülődik	53599	8570080167	1.7961718026502371	4	stem	57	68	0.456	-0.17366349405084008
bonyolódik	34776	8570080167	1.6082947427248229	4	stem	11	32	0.2558139534883721	-1.0116009116784799
hangolódik	27076	8570080167	1.499599620967263	4	stem	7	8	0.4666666666666667	-0.11778303565638351
vágódik	11694	8570080167	1.1349782050433073	3	stem	9	18	0.3333333333333333	-0.6418538861723948
fejlődik	554541	8570080167	2.810948776785554	3	stem	100	76	0.5681818181818182	0.27131509498757567
rohangászik	3976	8570080167	0.6664614912673178	4	szik	9	9	0.5	0
csúszik	191096	8570080167	2.3482667120888987	2	szik	86	59	0.593103448275862	0.371563556432483
igyekszik	1372052	8570080167	3.2043856867415696	3	szik	158	7535	0.020538151566359027	-3.8585426140359673
bogarászik	7314	8570080167	0.9311700715440676	4	szik	13	10	0.5652173913043478	0.24116205681688804
haragszik	129179	8570080167	2.178207033803339	3	szik	91	1789	0.04840425531914894	-2.9681823217857604
cselekszik	280658	8570080167	2.5151925415965306	3	szik	15	362	0.03978779840848806	-3.1218141120250693
toszik	1131	8570080167	0.1204777204674975	2	szik	6	2	0.75	0.8472978603872037
alszik	668614	8570080167	2.8921905815154494	2	szik	420	2982	0.12345679012345678	-1.9580519508323673
aszik	5633	8570080167	0.817754866777393	2	szik	23	6	0.7931034482758621	1.2321436812926323
nyugszik	200200	8570080167	2.368479188685342	2	szik	9	325	0.02694610778443114	-3.484312288372662
pakolászik	4806	8570080167	0.7487988820099235	4	szik	7	6	0.5384615384615384	0.13353139262452257
dicsekszik	46395	8570080167	1.7334862946009024	3	szik	6	120	0.047619047619047616	-2.849880396541428
fekszik	604506	8570080167	2.8484157313326453	2	szik	156	2218	0.06571187868576242	-2.6485661175842856
úszik	228752	8570080167	2.426380015374153	2	szik	128	490	0.20711974110032363	-1.3366317234328484
tornászik	6772	8570080167	0.8977320649789398	3	szik	540	22	0.9608540925266904	3.157925062917332
heverészik	9293	8570080167	1.0351710526920126	4	szik	31	3	0.9117647058823529	2.0794415416798357
dudorászik	3096	8570080167	0.5578160675528971	4	szik	9	10	0.47368421052631576	-0.0953101798043249
futkorászik	1585	8570080167	0.26704438209581244	4	szik	2	3	0.4	-0.2876820724517809
kúszik	40879	8570080167	1.6785153788968343	2	szik	37	29	0.5606060606060606	0.23638877806423034
hadonászik	10296	8570080167	1.0796836494383724	4	szik	25	9	0.7352941176470589	0.9555114450274363
kotorászik	6224	8570080167	0.8610846995236747	4	szik	33	8	0.8048780487804879	1.329135947279942
öregszik	32240	8570080167	1.575410148675095	3	szik	9	629	0.014106583072100314	-4.143134726391533
gyanakszik	68227	8570080167	1.900971390939056	3	szik	11	493	0.021825396825396824	-3.717628867399922
baszik	37569	8570080167	1.6418447508433345	2	szik	72	102	0.41379310344827586	-0.34426954708124463
törekszik	642126	8570080167	2.8746353706133787	3	szik	18	991	0.017839444995044598	-3.955284128118432
vitorlázik	19586	8570080167	1.3589608657121075	4	zik	17	34	0.3333333333333333	-0.6649763035932491
utazik	732800	8570080167	2.932000576201836	3	zik	276	1833	0.13086770981507823	-1.8902371466290717
hagyatkozik	65502	8570080167	1.8832696762315837	4	zik	8	115	0.06504065040650407	-2.5563656137701454
étkezik	56160	8570080167	1.816442214663791	3	zik	4	68	0.05555555555555555	-2.624668592163159
taktikázik	10243	8570080167	1.0774422882590915	4	zik	1	11	0.08333333333333333	-1.791759469228055
furikázik	5701	8570080167	0.8229661565461741	4	zik	6	5	0.5454545454545454	0.15415067982725836
hahotázik	3528	8570080167	0.6145436920018242	4	zik	2	2	0.5	0
mozizik	2159	8570080167	0.401267757876273	3	zik	18	9	0.6666666666666666	0.6418538861723947
hugyozik	3653	8570080167	0.6296647877539588	3	zik	11	8	0.5789473684210527	0.28768207245178085
zárkózik	34767	8570080167	1.6081823331261873	3	zik	4	168	0.023255813953488372	-3.520460802488973
tornázik	32996	8570080167	1.58547641047388	3	zik	23	48	0.323943661971831	-0.713766467762681
különbözik	364143	8570080167	2.628287081375396	4	zik	27	71	0.2755102040816326	-0.9444616088408514
hízik	63813	8570080167	1.8719242778547551	2	zik	51	55	0.4811320754716981	-0.07410797215372185
pihizik	994	8570080167	0.06440149993935544	3	zik	24	1	0.96	2.5257286443082556
csatlakozik	869608	8570080167	3.0063386419513223	4	zik	90	2127	0.04059539918809202	-3.152078343944685
malmozik	969	8570080167	0.05333889259280745	3	zik	5	0	1	1.791759469228055
hazudozik	13233	8570080167	1.188673428040112	4	zik	19	16	0.5428571428571428	0.16251892949777494
koncertezik	42382	8570080167	1.6941965626895692	4	zik	6	31	0.16216216216216217	-1.5198257537444133
jógázik	7512	8570080167	0.9427706948000968	3	zik	9	32	0.21951219512195122	-1.1939224684724346
teázik	7811	8570080167	0.9597217533477076	3	zik	12	19	0.3870967741935484	-0.4307829160924542
visszakozik	8527	8570080167	0.9978113785253424	4	zik	11	17	0.39285714285714285	-0.40546510810816444
adakozik	17936	8570080167	1.32074071079294	4	zik	9	16	0.36	-0.5306282510621704
építkezik	78659	8570080167	1.9627635364202132	4	zik	68	73	0.48226950354609927	-0.06995858860691034
hüledezik	4646	8570080167	0.7340943210062588	4	zik	12	11	0.5217391304347826	0.08004270767353636
dumcsizik	2150	8570080167	0.3994535754576475	3	zik	3	0	1	1.3862943611198906
